[
  {
    "value": "mesos",
    "synonyms": [
      "mesos"
    ]
  },
  {
    "value": "lara",
    "synonyms": [
      "lara",
      "laratub"
    ]
  },
  {
    "value": "airbnb",
    "synonyms": [
      "airbnb"
    ]
  },
  {
    "value": "atos",
    "synonyms": [
      "atosorigin",
      "atos"
    ]
  },
  {
    "value": "Google",
    "synonyms": [
      "Google"
    ]
  },
  {
    "value": "Facebook",
    "synonyms": [
      "Facebook"
    ]
  },
  {
    "value": "Microsoft",
    "synonyms": [
      "Microsoft"
    ]
  }
]