[
  {
    "value": "Python",
    "synonyms": [
      "Python"
    ]
  },
  {
    "value": "Java",
    "synonyms": [
      "Java"
    ]
  },
  {
    "value": "Javascript",
    "synonyms": [
      "Javascript",
      "js"
    ]
  },
  {
    "value": "flask",
    "synonyms": [
      "flask"
    ]
  },
  {
    "value": "Go",
    "synonyms": [
      "Go",
      "golang"
    ]
  },
  {
    "value": "quality",
    "synonyms": [
      "quality"
    ]
  },
  {
    "value": "ci",
    "synonyms": [
      "ci",
      "cd",
      "continuous integration",
      "continuous delivery"
    ]
  },
  {
    "value": "travis",
    "synonyms": [
      "travis",
      "travisci",
      "travis.yml"
    ]
  },
  {
    "value": "lint",
    "synonyms": [
      "lint",
      "linter",
      "linting"
    ]
  },
  {
    "value": "docker",
    "synonyms": [
      "docker",
      "dockerfile"
    ]
  },
  {
    "value": "PyGithub",
    "synonyms": [
      "PyGithub"
    ]
  },
  {
    "value": "node.js",
    "synonyms": [
      "node.js",
      "node"
    ]
  },
  {
    "value": "HTML",
    "synonyms": [
      "HTML"
    ]
  },
  {
    "value": "PHP",
    "synonyms": [
      "PHP"
    ]
  },
  {
    "value": "C",
    "synonyms": [
      "C"
    ]
  },
  {
    "value": "C++",
    "synonyms": [
      "C++"
    ]
  },
  {
    "value": "C#",
    "synonyms": [
      "C#"
    ]
  },
  {
    "value": "Objective-C",
    "synonyms": [
      "Objective-C",
      "objective c"
    ]
  },
  {
    "value": "Swift",
    "synonyms": [
      "Swift"
    ]
  },
  {
    "value": "CSS",
    "synonyms": [
      "CSS"
    ]
  },
  {
    "value": "Rust",
    "synonyms": [
      "Rust"
    ]
  },
  {
    "value": "Assembler",
    "synonyms": [
      "Assembler"
    ]
  },
  {
    "value": "Julia",
    "synonyms": [
      "Julia"
    ]
  },
  {
    "value": "R",
    "synonyms": [
      "R"
    ]
  },
  {
    "value": "matlab",
    "synonyms": [
      "matlab"
    ]
  },
  {
    "value": "numpy",
    "synonyms": [
      "numpy"
    ]
  },
  {
    "value": "scipy",
    "synonyms": [
      "scipy"
    ]
  },
  {
    "value": "tensorflow",
    "synonyms": [
      "tensorflow"
    ]
  },
  {
    "value": "dialogflow",
    "synonyms": [
      "dialogflow"
    ]
  },
  {
    "value": "theano",
    "synonyms": [
      "theano"
    ]
  },
  {
    "value": "rest",
    "synonyms": [
      "rest"
    ]
  }
]