[
  {
    "id": "ad7ad3e0-950e-4e44-93c2-fc54e05c4310",
    "data": [
      {
        "text": "Who can help me with ",
        "userDefined": false
      },
      {
        "text": "Python",
        "alias": "topic",
        "meta": "@topic",
        "userDefined": false
      },
      {
        "text": "?",
        "userDefined": false
      }
    ],
    "isTemplate": false,
    "count": 0,
    "updated": 0
  },
  {
    "id": "0af0fd79-be1b-4b30-8d16-2d4d9acf0454",
    "data": [
      {
        "text": "Who can help me with ",
        "userDefined": false
      },
      {
        "text": "Java",
        "alias": "topic",
        "meta": "@topic",
        "userDefined": false
      },
      {
        "text": "?",
        "userDefined": false
      }
    ],
    "isTemplate": false,
    "count": 1,
    "updated": 1522231724
  },
  {
    "id": "7b0c26d4-961b-48b0-b208-44ea5b13d3f5",
    "data": [
      {
        "text": "I need help with ",
        "userDefined": false
      },
      {
        "text": "Java",
        "alias": "topic",
        "meta": "@topic",
        "userDefined": false
      },
      {
        "text": " at ",
        "userDefined": false
      },
      {
        "text": "Google",
        "alias": "organization",
        "meta": "@organization",
        "userDefined": false
      }
    ],
    "isTemplate": false,
    "count": 0,
    "updated": 1522395708
  },
  {
    "id": "4ea8f8bb-4992-487a-beb7-0eef5b5ca5de",
    "data": [
      {
        "text": "I need an expert in ",
        "userDefined": false
      },
      {
        "text": "Java",
        "alias": "topic",
        "meta": "@topic",
        "userDefined": false
      },
      {
        "text": " at ",
        "userDefined": false
      },
      {
        "text": "Google",
        "alias": "organization",
        "meta": "@organization",
        "userDefined": false
      }
    ],
    "isTemplate": false,
    "count": 0,
    "updated": 0
  },
  {
    "id": "03974ff1-fcfb-4ac1-945a-689b33696532",
    "data": [
      {
        "text": "I need some help with ",
        "userDefined": false
      },
      {
        "text": "Typescript",
        "alias": "topic",
        "meta": "@topic",
        "userDefined": true
      },
      {
        "text": " here",
        "userDefined": false
      }
    ],
    "isTemplate": false,
    "count": 0,
    "updated": 1522231724
  },
  {
    "id": "b9709ab2-59fe-40e9-be4b-f6bb32118307",
    "data": [
      {
        "text": "Does anyone at ",
        "userDefined": false
      },
      {
        "text": "Facebook",
        "alias": "organization",
        "meta": "@organization",
        "userDefined": true
      },
      {
        "text": " have experience with ",
        "userDefined": false
      },
      {
        "text": "C",
        "alias": "topic",
        "meta": "@topic",
        "userDefined": true
      },
      {
        "text": "?",
        "userDefined": false
      }
    ],
    "isTemplate": false,
    "count": 0,
    "updated": 1522395587
  },
  {
    "id": "5d98444b-6caa-4c61-b199-1806b57d2b69",
    "data": [
      {
        "text": "I need an expert in ",
        "userDefined": false
      },
      {
        "text": "rust",
        "alias": "topic",
        "meta": "@topic",
        "userDefined": true
      },
      {
        "text": " at ",
        "userDefined": false
      },
      {
        "text": "google",
        "alias": "organization",
        "meta": "@organization",
        "userDefined": true
      }
    ],
    "isTemplate": false,
    "count": 0,
    "updated": 1522231724
  },
  {
    "id": "a03f8ddb-ea95-404e-9da6-e294f1930f95",
    "data": [
      {
        "text": "Can anyone help me with ",
        "userDefined": false
      },
      {
        "text": "haskell",
        "alias": "topic",
        "meta": "@topic",
        "userDefined": true
      },
      {
        "text": "?",
        "userDefined": false
      }
    ],
    "isTemplate": false,
    "count": 0,
    "updated": 1522231724
  },
  {
    "id": "5891602a-06dc-42fb-b986-f4db954c4b31",
    "data": [
      {
        "text": "I do not ",
        "userDefined": false
      },
      {
        "text": "get",
        "meta": "@sys.ignore",
        "userDefined": false
      },
      {
        "text": " how ",
        "userDefined": false
      },
      {
        "text": "sql",
        "alias": "topic",
        "meta": "@topic",
        "userDefined": true
      },
      {
        "text": " works",
        "userDefined": false
      }
    ],
    "isTemplate": false,
    "count": 1,
    "updated": 1522231724
  },
  {
    "id": "b65e8a78-6283-497e-805f-404064ee4310",
    "data": [
      {
        "text": "I don\u0027t understand how we handle ",
        "userDefined": false
      },
      {
        "text": "nodejs",
        "alias": "topic",
        "meta": "@topic",
        "userDefined": true
      },
      {
        "text": " applications at ",
        "userDefined": false
      },
      {
        "text": "serverless",
        "alias": "organization",
        "meta": "@organization",
        "userDefined": true
      }
    ],
    "isTemplate": false,
    "count": 0,
    "updated": 1522231724
  },
  {
    "id": "666afd89-02ca-4c0a-86e6-248bd7e51f01",
    "data": [
      {
        "text": "I need help with ",
        "userDefined": false
      },
      {
        "text": "ci",
        "alias": "topic",
        "meta": "@topic",
        "userDefined": false
      },
      {
        "text": ", ",
        "userDefined": false
      },
      {
        "text": "linting",
        "alias": "topic",
        "meta": "@topic",
        "userDefined": false
      },
      {
        "text": " and ",
        "userDefined": false
      },
      {
        "text": "quality",
        "alias": "topic",
        "meta": "@topic",
        "userDefined": false
      },
      {
        "text": " in general",
        "userDefined": false
      }
    ],
    "isTemplate": false,
    "count": 0,
    "updated": 1522231724
  },
  {
    "id": "285772ce-e4b4-4fb1-b42f-762c697f18c7",
    "data": [
      {
        "text": "Can you help me to find an expert in ",
        "userDefined": false
      },
      {
        "text": "javascript",
        "alias": "topic",
        "meta": "@topic",
        "userDefined": false
      },
      {
        "text": " at ",
        "userDefined": false
      },
      {
        "text": "airbnb",
        "alias": "organization",
        "meta": "@organization",
        "userDefined": false
      },
      {
        "text": "?",
        "userDefined": false
      }
    ],
    "isTemplate": false,
    "count": 0,
    "updated": 1522231724
  },
  {
    "id": "9f8ca76e-566c-44dd-a44b-6305ed24eb3b",
    "data": [
      {
        "text": "Who has experience with ",
        "userDefined": false
      },
      {
        "text": "docker",
        "alias": "topic",
        "meta": "@topic",
        "userDefined": false
      },
      {
        "text": " and ",
        "userDefined": false
      },
      {
        "text": "python",
        "alias": "topic",
        "meta": "@topic",
        "userDefined": false
      },
      {
        "text": " at ",
        "userDefined": false
      },
      {
        "text": "NVIDIA",
        "alias": "organization",
        "meta": "@organization",
        "userDefined": true
      },
      {
        "text": "?",
        "userDefined": false
      }
    ],
    "isTemplate": false,
    "count": 0,
    "updated": 1522231724
  },
  {
    "id": "59035fee-b99a-44d8-b0d1-3f7b6d07c5b5",
    "data": [
      {
        "text": "Who can help me improve the ",
        "userDefined": false
      },
      {
        "text": "quality",
        "alias": "topic",
        "meta": "@topic",
        "userDefined": false
      },
      {
        "text": " of our project?",
        "userDefined": false
      }
    ],
    "isTemplate": false,
    "count": 0,
    "updated": 1522231724
  },
  {
    "id": "1b215588-fa5b-4d71-abd8-a3bf34dd1a65",
    "data": [
      {
        "text": "I have problems with ",
        "userDefined": false
      },
      {
        "text": "continuous delivery",
        "alias": "topic",
        "meta": "@topic",
        "userDefined": false
      }
    ],
    "isTemplate": false,
    "count": 0,
    "updated": 1522231724
  },
  {
    "id": "93a13eda-d31f-4ef0-a01d-a661ed481ea6",
    "data": [
      {
        "text": "I need help with ",
        "userDefined": false
      },
      {
        "text": "node",
        "alias": "topic",
        "meta": "@topic",
        "userDefined": true
      },
      {
        "text": " at ",
        "userDefined": false
      },
      {
        "text": "lara",
        "alias": "organization",
        "meta": "@organization",
        "userDefined": true
      }
    ],
    "isTemplate": false,
    "count": 0,
    "updated": 1522231724
  },
  {
    "id": "ed71d6d9-2917-4e28-8a90-a8f7f1586800",
    "data": [
      {
        "text": "I need help with ",
        "userDefined": false
      },
      {
        "text": "Python",
        "alias": "topic",
        "meta": "@topic",
        "userDefined": true
      },
      {
        "text": " and ",
        "userDefined": false
      },
      {
        "text": "Flask",
        "alias": "topic",
        "meta": "@topic",
        "userDefined": true
      }
    ],
    "isTemplate": false,
    "count": 0,
    "updated": 1522231724
  },
  {
    "id": "cccddbd1-874b-4ccd-abec-a73410e5834f",
    "data": [
      {
        "text": "can anyone help me with ",
        "userDefined": false
      },
      {
        "text": "Go",
        "alias": "topic",
        "meta": "@topic",
        "userDefined": false
      },
      {
        "text": "?",
        "userDefined": false
      }
    ],
    "isTemplate": false,
    "count": 0,
    "updated": 1522231724
  }
]