[
  {
    "id": "b2cf286c-8cc0-4f2a-b995-83f72e82ac75",
    "data": [
      {
        "text": "What issues are ",
        "userDefined": false
      },
      {
        "text": "open",
        "alias": "issue-state",
        "meta": "@issue-state",
        "userDefined": true
      },
      {
        "text": "?",
        "userDefined": false
      }
    ],
    "isTemplate": false,
    "count": 0,
    "updated": 1522337520
  },
  {
    "id": "06acd895-ad94-4a20-8a2f-482491fc82fc",
    "data": [
      {
        "text": "what are my assignments?",
        "userDefined": false
      }
    ],
    "isTemplate": false,
    "count": 0,
    "updated": 1522337520
  },
  {
    "id": "f2f47635-6635-431a-8852-5f412940114d",
    "data": [
      {
        "text": "Tell me what I can do",
        "userDefined": false
      }
    ],
    "isTemplate": false,
    "count": 0,
    "updated": 1522337520
  },
  {
    "id": "e150543b-294d-4900-8450-06cae18a4340",
    "data": [
      {
        "text": "Tell me what I need to do",
        "userDefined": false
      }
    ],
    "isTemplate": false,
    "count": 0,
    "updated": 1522337520
  },
  {
    "id": "a8746db4-9ce4-4d42-93c2-e97d547ba61c",
    "data": [
      {
        "text": "What can I do ",
        "userDefined": false
      },
      {
        "text": "today",
        "meta": "@sys.ignore",
        "userDefined": false
      },
      {
        "text": "?",
        "userDefined": false
      }
    ],
    "isTemplate": false,
    "count": 0,
    "updated": 1522337520
  }
]