[
  {
    "id": "bbc2b808-cbe7-4b02-ae9b-83d03fafbd09",
    "data": [
      {
        "text": "Yes",
        "meta": "@sys.ignore",
        "userDefined": false
      },
      {
        "text": ", I need some help",
        "userDefined": false
      }
    ],
    "isTemplate": false,
    "count": 0,
    "updated": 1524060012
  },
  {
    "id": "6c5ac105-4c0d-4218-9a19-922a353ebfb8",
    "data": [
      {
        "text": "Sure, I need others\u0027 help",
        "userDefined": false
      }
    ],
    "isTemplate": false,
    "count": 0,
    "updated": 1522687557
  },
  {
    "id": "e926206b-ff05-490a-ba89-abb7c15b7dfb",
    "data": [
      {
        "text": "Yes, I want other colleagues to support me",
        "userDefined": false
      }
    ],
    "isTemplate": false,
    "count": 0,
    "updated": 1522687557
  }
]