[
  {
    "id": "2574b56b-216c-409d-b8d2-41822ef7ea9b",
    "data": [
      {
        "text": "go ahead",
        "alias": "yes_or_no",
        "meta": "@yes-or-no",
        "userDefined": true
      }
    ],
    "isTemplate": false,
    "count": 0
  },
  {
    "id": "ef276d88-9997-4434-b4d1-0a293e5da6af",
    "data": [
      {
        "text": "Of course",
        "alias": "yes_or_no",
        "meta": "@yes-or-no",
        "userDefined": true
      }
    ],
    "isTemplate": false,
    "count": 0
  },
  {
    "id": "3bc35825-0dd1-4b11-970d-259f45b6d9a7",
    "data": [
      {
        "text": "Oh, ",
        "userDefined": false
      },
      {
        "text": "no",
        "alias": "yes_or_no",
        "meta": "@yes-or-no",
        "userDefined": true
      }
    ],
    "isTemplate": false,
    "count": 0
  },
  {
    "id": "b4d7253b-228b-4ce9-816d-0e4366be37c8",
    "data": [
      {
        "text": "sure",
        "alias": "yes_or_no",
        "meta": "@yes-or-no",
        "userDefined": true
      }
    ],
    "isTemplate": false,
    "count": 0
  },
  {
    "id": "d58be573-05b5-4900-ac61-095d9b05feec",
    "data": [
      {
        "text": "No",
        "alias": "yes_or_no",
        "meta": "@yes-or-no",
        "userDefined": true
      }
    ],
    "isTemplate": false,
    "count": 0
  },
  {
    "id": "1a8bad0c-519d-4b9b-805b-9641c4b4b717",
    "data": [
      {
        "text": "Yes",
        "alias": "yes_or_no",
        "meta": "@yes-or-no",
        "userDefined": true
      }
    ],
    "isTemplate": false,
    "count": 0
  },
  {
    "id": "740636bd-5d09-4d93-8751-c0c7d04ba7a7",
    "data": [
      {
        "text": "show",
        "meta": "@sys.ignore",
        "userDefined": false
      },
      {
        "text": " ",
        "userDefined": false
      },
      {
        "text": "9",
        "alias": "id",
        "meta": "@sys.number-integer",
        "userDefined": false
      }
    ],
    "isTemplate": false,
    "count": 0
  },
  {
    "id": "0db19184-c4d7-4aaa-9276-bc6969802cd4",
    "data": [
      {
        "text": "get",
        "meta": "@sys.ignore",
        "userDefined": false
      },
      {
        "text": " ",
        "userDefined": false
      },
      {
        "text": "1",
        "alias": "id",
        "meta": "@sys.number-integer",
        "userDefined": false
      }
    ],
    "isTemplate": false,
    "count": 0
  },
  {
    "id": "8882cb63-93e9-42a9-822c-321f8b3e45b8",
    "data": [
      {
        "text": "list",
        "meta": "@sys.ignore",
        "userDefined": false
      },
      {
        "text": " ",
        "userDefined": false
      },
      {
        "text": "8",
        "alias": "id",
        "meta": "@sys.number-integer",
        "userDefined": false
      }
    ],
    "isTemplate": false,
    "count": 0
  },
  {
    "id": "85b61739-6702-4c76-9e01-fe339c65cbb9",
    "data": [
      {
        "text": "list",
        "meta": "@sys.ignore",
        "userDefined": true
      },
      {
        "text": " issue ",
        "userDefined": false
      },
      {
        "text": "6",
        "alias": "id",
        "meta": "@sys.number-integer",
        "userDefined": true
      }
    ],
    "isTemplate": false,
    "count": 0
  },
  {
    "id": "f11792c6-4542-4142-b35a-370458977f7d",
    "data": [
      {
        "text": "get",
        "meta": "@sys.ignore",
        "userDefined": true
      },
      {
        "text": " issue",
        "userDefined": false
      },
      {
        "text": " 5",
        "alias": "id",
        "meta": "@sys.number-integer",
        "userDefined": true
      }
    ],
    "isTemplate": false,
    "count": 0
  },
  {
    "id": "370234cc-2952-4319-98f2-db900125047d",
    "data": [
      {
        "text": "show",
        "meta": "@sys.ignore",
        "userDefined": true
      },
      {
        "text": " me issue ",
        "userDefined": false
      },
      {
        "text": "4",
        "alias": "id",
        "meta": "@sys.number-integer",
        "userDefined": true
      }
    ],
    "isTemplate": false,
    "count": 0
  }
]