[
  {
    "id": "1f038b41-e29d-4cd1-8059-6ad3d4499e63",
    "data": [
      {
        "text": "help me reopen issue ",
        "userDefined": false
      },
      {
        "text": "5",
        "alias": "id",
        "meta": "@sys.number-integer",
        "userDefined": true
      }
    ],
    "isTemplate": false,
    "count": 0,
    "updated": 1518095645
  },
  {
    "id": "ee8fa04c-a582-49cc-bc48-2368b28e7bf3",
    "data": [
      {
        "text": "open the issue ",
        "userDefined": false
      },
      {
        "text": "13",
        "alias": "id",
        "meta": "@sys.number-integer",
        "userDefined": true
      },
      {
        "text": " again",
        "userDefined": false
      }
    ],
    "isTemplate": false,
    "count": 0,
    "updated": 1518095645
  }
]