[
  {
    "id": "d044e10f-f6b1-43e8-9705-f8717f617050",
    "data": [
      {
        "text": "close",
        "meta": "@sys.ignore",
        "userDefined": false
      },
      {
        "text": " it",
        "userDefined": false
      }
    ],
    "isTemplate": false,
    "count": 0,
    "updated": 1518096097
  },
  {
    "id": "e389b27a-b502-486a-b43f-179aa7b3b75c",
    "data": [
      {
        "text": "delete",
        "meta": "@sys.ignore",
        "userDefined": true
      },
      {
        "text": " it",
        "userDefined": false
      }
    ],
    "isTemplate": false,
    "count": 0,
    "updated": 1518096097
  },
  {
    "id": "c0b5e58a-9da1-468e-a409-a68dbacac4e0",
    "data": [
      {
        "text": "delete",
        "meta": "@sys.ignore",
        "userDefined": true
      },
      {
        "text": " ",
        "userDefined": false
      },
      {
        "text": "1",
        "alias": "id",
        "meta": "@sys.number-integer",
        "userDefined": false
      }
    ],
    "isTemplate": false,
    "count": 0,
    "updated": 1518096097
  },
  {
    "id": "a2acb3c2-fae3-4c66-b1c6-23f9ff03cf4c",
    "data": [
      {
        "text": "cancel",
        "meta": "@sys.ignore",
        "userDefined": true
      },
      {
        "text": " ",
        "userDefined": false
      },
      {
        "text": "9",
        "alias": "id",
        "meta": "@sys.number-integer",
        "userDefined": false
      }
    ],
    "isTemplate": false,
    "count": 0,
    "updated": 1518096097
  },
  {
    "id": "371ac0f3-74bc-44dd-a570-5b25a85e6109",
    "data": [
      {
        "text": "close",
        "meta": "@sys.ignore",
        "userDefined": false
      },
      {
        "text": " ",
        "userDefined": false
      },
      {
        "text": "7",
        "alias": "id",
        "meta": "@sys.number-integer",
        "userDefined": false
      }
    ],
    "isTemplate": false,
    "count": 0,
    "updated": 1518096097
  },
  {
    "id": "aeedbe59-3a55-471c-89cd-2cd862a9c614",
    "data": [
      {
        "text": "delete",
        "meta": "@sys.ignore",
        "userDefined": true
      },
      {
        "text": " issue ",
        "userDefined": false
      },
      {
        "text": "6",
        "alias": "id",
        "meta": "@sys.number-integer",
        "userDefined": true
      }
    ],
    "isTemplate": false,
    "count": 0,
    "updated": 1518096097
  },
  {
    "id": "91beb3cb-e677-4e9a-b057-1f8af75aace8",
    "data": [
      {
        "text": "close",
        "meta": "@sys.ignore",
        "userDefined": true
      },
      {
        "text": " issue ",
        "userDefined": false
      },
      {
        "text": "6",
        "alias": "id",
        "meta": "@sys.number-integer",
        "userDefined": true
      }
    ],
    "isTemplate": false,
    "count": 0,
    "updated": 1518096097
  }
]