[
  {
    "id": "57767946-ff58-46f9-8e60-f78350d21936",
    "data": [
      {
        "text": "I want to comment issue ",
        "userDefined": false
      },
      {
        "text": "5",
        "alias": "id",
        "meta": "@sys.number-integer",
        "userDefined": true
      },
      {
        "text": " in repository ",
        "userDefined": false
      },
      {
        "text": "test",
        "alias": "repository",
        "meta": "@repository-name",
        "userDefined": true
      }
    ],
    "isTemplate": false,
    "count": 0,
    "updated": 1518100970
  },
  {
    "id": "42c6e19b-fa34-455f-b918-7d21fde92e3d",
    "data": [
      {
        "text": "add a comment to it",
        "userDefined": false
      }
    ],
    "isTemplate": false,
    "count": 0,
    "updated": 1518100970
  },
  {
    "id": "d5a1621f-d113-41eb-b560-a6d57edba019",
    "data": [
      {
        "text": "add comment for issue ",
        "userDefined": false
      },
      {
        "text": "5",
        "alias": "id",
        "meta": "@sys.number-integer",
        "userDefined": true
      }
    ],
    "isTemplate": false,
    "count": 0,
    "updated": 1518100970
  },
  {
    "id": "8ed0499d-8d1b-48f0-b1a8-ad3c31692e59",
    "data": [
      {
        "text": "comment issue",
        "userDefined": false
      },
      {
        "text": " 8",
        "alias": "id",
        "meta": "@sys.number-integer",
        "userDefined": true
      }
    ],
    "isTemplate": false,
    "count": 0,
    "updated": 1518100970
  },
  {
    "id": "cb5b183c-9b70-4867-94ee-d63841535de4",
    "data": [
      {
        "text": "I want to add comment for issue",
        "userDefined": false
      },
      {
        "text": " 5",
        "alias": "id",
        "meta": "@sys.number-integer",
        "userDefined": true
      }
    ],
    "isTemplate": false,
    "count": 0,
    "updated": 1518100970
  },
  {
    "id": "5ffcb963-e3bc-4777-9d74-8e29725d381f",
    "data": [
      {
        "text": "I want to add comments for that issue",
        "userDefined": false
      }
    ],
    "isTemplate": false,
    "count": 0,
    "updated": 1518100970
  },
  {
    "id": "37ef7b73-2d78-4f3a-b472-622b0678f7bf",
    "data": [
      {
        "text": "add a comment for it",
        "userDefined": false
      }
    ],
    "isTemplate": false,
    "count": 0,
    "updated": 1518100970
  },
  {
    "id": "f6d040dc-1fe7-4152-9b7e-48c67838284c",
    "data": [
      {
        "text": "add comments",
        "userDefined": false
      }
    ],
    "isTemplate": false,
    "count": 0,
    "updated": 1518100970
  },
  {
    "id": "d8849126-c14e-4fd4-8cab-99aae16552e5",
    "data": [
      {
        "text": "add a comment",
        "userDefined": false
      }
    ],
    "isTemplate": false,
    "count": 0,
    "updated": 1518100970
  }
]