[
  {
    "id": "846953e2-d169-456b-b1d0-88bce0a7527a",
    "data": [
      {
        "text": "which ",
        "userDefined": false
      },
      {
        "text": "repository",
        "meta": "@sys.ignore",
        "userDefined": false
      },
      {
        "text": " I referred with just now?",
        "userDefined": false
      }
    ],
    "isTemplate": false,
    "count": 0,
    "updated": 1518090612
  },
  {
    "id": "b3f0c265-8488-40ae-be01-4de8711443d6",
    "data": [
      {
        "text": "which repository am I working on?",
        "userDefined": false
      }
    ],
    "isTemplate": false,
    "count": 0,
    "updated": 1518090612
  },
  {
    "id": "f5a041fd-962e-4e52-afea-a5ff20f84e12",
    "data": [
      {
        "text": "my working ",
        "userDefined": false
      },
      {
        "text": "repo",
        "meta": "@sys.ignore",
        "userDefined": false
      },
      {
        "text": "?",
        "userDefined": false
      }
    ],
    "isTemplate": false,
    "count": 0,
    "updated": 1518090612
  }
]