[
  {
    "id": "aca8e8db-e04e-47d6-a249-a6f4456de3e3",
    "data": [
      {
        "text": "repository ",
        "userDefined": false
      },
      {
        "text": "flask",
        "alias": "repository",
        "meta": "@repository-name",
        "userDefined": true
      }
    ],
    "isTemplate": false,
    "count": 0,
    "updated": 1518093998
  },
  {
    "id": "b3869942-2fca-40eb-93bb-d3d883e94945",
    "data": [
      {
        "text": "Repo",
        "meta": "@sys.ignore",
        "userDefined": false
      },
      {
        "text": " ",
        "userDefined": false
      },
      {
        "text": "test",
        "alias": "repository",
        "meta": "@repository-name",
        "userDefined": true
      }
    ],
    "isTemplate": false,
    "count": 0,
    "updated": 1518093998
  },
  {
    "id": "c6d748af-8181-46a6-b037-d1d2be86b3ac",
    "data": [
      {
        "text": "My repository\u0027s name is ",
        "userDefined": false
      },
      {
        "text": "laraTUB",
        "alias": "repository",
        "meta": "@repository-name",
        "userDefined": true
      }
    ],
    "isTemplate": false,
    "count": 0,
    "updated": 1518093998
  },
  {
    "id": "e5b08942-51fc-49b9-b396-7386e1464994",
    "data": [
      {
        "text": "repository\u0027s name is ",
        "userDefined": false
      },
      {
        "text": "python",
        "alias": "repository",
        "meta": "@repository-name",
        "userDefined": true
      }
    ],
    "isTemplate": false,
    "count": 0,
    "updated": 1518093998
  },
  {
    "id": "1cf0d8ee-04a3-440d-90c0-fb7f69d07988",
    "data": [
      {
        "text": "the repo\u0027s name is ",
        "userDefined": false
      },
      {
        "text": "mini-dbs",
        "alias": "repository",
        "meta": "@repository-name",
        "userDefined": true
      }
    ],
    "isTemplate": false,
    "count": 0,
    "updated": 1518093998
  },
  {
    "id": "cbc0cd16-bddc-4907-b6c8-b0d8da765052",
    "data": [
      {
        "text": "the name of repo is ",
        "userDefined": false
      },
      {
        "text": "opencv",
        "alias": "repository",
        "meta": "@repository-name",
        "userDefined": true
      }
    ],
    "isTemplate": false,
    "count": 0,
    "updated": 1518093998
  },
  {
    "id": "88fdc5f6-9495-4a46-a711-3a97cf35ac7a",
    "data": [
      {
        "text": "my repo name is ",
        "userDefined": false
      },
      {
        "text": "Lara",
        "alias": "repository",
        "meta": "@repository-name",
        "userDefined": true
      }
    ],
    "isTemplate": false,
    "count": 0,
    "updated": 1518093998
  },
  {
    "id": "da46293a-87e0-48df-bbef-17e126b2649d",
    "data": [
      {
        "text": "My Repository is ",
        "userDefined": false
      },
      {
        "text": "Test",
        "alias": "repository",
        "meta": "@repository-name",
        "userDefined": true
      }
    ],
    "isTemplate": false,
    "count": 0,
    "updated": 1518093998
  }
]