[
  {
    "id": "441ac2f0-ebab-43ed-9500-b199b4caf382",
    "data": [
      {
        "text": "Hi",
        "userDefined": false
      }
    ],
    "isTemplate": false,
    "count": 1,
    "updated": 1521725383
  },
  {
    "id": "ef1c8942-2fbf-4cdd-a047-2b11caf990b8",
    "data": [
      {
        "text": "Guten Morgen",
        "userDefined": false
      }
    ],
    "isTemplate": false,
    "count": 0,
    "updated": 1521725383
  },
  {
    "id": "ff392f22-b7b0-4b55-a5fb-13a0d4d0aeef",
    "data": [
      {
        "text": "Hallo",
        "userDefined": false
      }
    ],
    "isTemplate": false,
    "count": 0,
    "updated": 1521725383
  },
  {
    "id": "12861121-69c1-4f12-87fd-58299e3bfd21",
    "data": [
      {
        "text": "Good day",
        "userDefined": false
      }
    ],
    "isTemplate": false,
    "count": 0,
    "updated": 1521725383
  },
  {
    "id": "ba4e4e6c-6625-4bf8-a462-e3128fad0c37",
    "data": [
      {
        "text": "Hello",
        "userDefined": false
      }
    ],
    "isTemplate": false,
    "count": 0,
    "updated": 1521725383
  }
]